{
  "note": "logit(Attempt) = A + C*logit(P_attempt_base) + B*(kicker delta on logit(make))",
  "A": -0.3030143700158866,
  "B": 0.001930597266001819,
  "C": 2.268716170697687,
  "meta": {
    "n_rows": 11259
  }
}